{"cameraMode":{"drawMode":0,"name":"Shaded","section":"Shading Mode"},"sceneLighting":false,"audioPlay":false,"sceneViewState":{"showFog":true,"showMaterialUpdate":true,"showSkybox":false,"showFlares":true,"showImageEffects":true,"showParticleSystems":true},"in2DMode":false,"pivot":{"x":9.845918655395508,"y":-2.826580762863159,"z":2.593806266784668},"rotation":{"x":0.033330127596855167,"y":0.18010663986206056,"z":0.006106296554207802,"w":-0.9830718040466309},"size":2.381059169769287,"orthographic":false}