{"cameraMode":{"drawMode":0,"name":"Shaded","section":"Shading Mode"},"sceneLighting":true,"audioPlay":false,"sceneViewState":{"showFog":true,"showMaterialUpdate":true,"showSkybox":true,"showFlares":true,"showImageEffects":true,"showParticleSystems":true},"in2DMode":false,"pivot":{"x":7.796016693115234,"y":-0.772812008857727,"z":6.010317802429199},"rotation":{"x":0.023108670487999917,"y":0.9743908047676086,"z":-0.11868617683649063,"w":0.18970347940921784},"size":14.8565034866333,"orthographic":false}