{"cameraMode":{"drawMode":0,"name":"Shaded","section":"Shading Mode"},"sceneLighting":true,"audioPlay":false,"sceneViewState":{"showFog":true,"showMaterialUpdate":true,"showSkybox":true,"showFlares":true,"showImageEffects":true,"showParticleSystems":true},"in2DMode":false,"pivot":{"x":11.949999809265137,"y":-4.151000022888184,"z":4.420000076293945},"rotation":{"x":-0.3750373125076294,"y":0.5502188801765442,"z":-0.3025988042354584,"w":-0.6819436550140381},"size":4.031220436096191,"orthographic":false}