{"cameraMode":{"drawMode":0,"name":"Shaded","section":"Shading Mode"},"sceneLighting":false,"audioPlay":false,"sceneViewState":{"showFog":true,"showMaterialUpdate":true,"showSkybox":false,"showFlares":true,"showImageEffects":true,"showParticleSystems":true},"in2DMode":false,"pivot":{"x":11.079187393188477,"y":-3.7050774097442629,"z":-4.832303524017334},"rotation":{"x":0.07885652035474777,"y":0.7144727110862732,"z":-0.08158561587333679,"w":0.6904284358024597},"size":1.4847667217254639,"orthographic":false}