{"cameraMode":{"drawMode":0,"name":"Shaded","section":"Shading Mode"},"sceneLighting":false,"audioPlay":false,"sceneViewState":{"showFog":true,"showMaterialUpdate":true,"showSkybox":false,"showFlares":true,"showImageEffects":true,"showParticleSystems":true},"in2DMode":false,"pivot":{"x":11.949999809265137,"y":-4.380000114440918,"z":4.420000076293945},"rotation":{"x":0.03324327990412712,"y":-0.9009596705436707,"z":0.07015421986579895,"w":0.4269150197505951},"size":4.312692642211914,"orthographic":false}